JA3;JA3S;SNI;File
6f5e62edfa5933b1332ddf8b9fb3ef9d;beb7069ae409bccfed702c17ad004223;static.twitchcdn.net;twitch.csv
6f5e62edfa5933b1332ddf8b9fb3ef9d;16c0b3e6a7b8173c16d944cfeaeee9cf;gql.twitch.tv;twitch.csv
6f5e62edfa5933b1332ddf8b9fb3ef9d;8d2a028aa94425f76ced7826b1f39039;video-edge-34fe7f.pdx01.abs.hls.ttvnw.net;twitch.csv
d8c87b9bfde38897979e41242626c2f3;a84411fe11abb8400851be52dd0cba5a;api2.branch.io;twitch.csv
d8c87b9bfde38897979e41242626c2f3;beb7069ae409bccfed702c17ad004223;cdn.branch.io;twitch.csv
6f5e62edfa5933b1332ddf8b9fb3ef9d;8d2a028aa94425f76ced7826b1f39039;passport.twitch.tv;twitch.csv
9c815150ea821166faecf80757d8826a;eb1d94daa7e0344597e756a1fb6e7054;android.clients.google.com;twitch.csv
d8399903eb975419063bb8813d72fc12;26179a98b4b1d80c27c3f2569196c6c7;client-api.arkoselabs.com;twitch.csv
93a8614c9bd9f0d0195be50200b55a89;26179a98b4b1d80c27c3f2569196c6c7;client-api.arkoselabs.com;twitch.csv
